Workbook

Sheet Start Here
B2: ScholarLink Pilot Workbook
B3: Bulldog Bridge · SGA × GSA · Undergraduate–graduate mentorship, 90-day pilot
B5: How the workbook works
B6: 1. Settings — enter the pilot start date, the pilot departments, and each department's GSA Mentor Lead. Matching weights live here too.
B7: 2. Mentees / Mentors — paste form responses starting in column B (Timestamp). Column A IDs are pre-filled; never sort or delete rows, so IDs stay attached to the same person.
B8: 3. Match Finder — choose a mentee ID in the yellow cell. The sheet scores every mentor and lists the top 3 with open slots.
B9: 4. Matches — log each pairing (mentee ID + mentor ID). Names, department, and Mentor Lead fill in automatically. Record meeting dates, status, and 1–5 ratings.
B10: 5. Dashboard — pilot totals and a per-department breakdown for reports to the central GSA team and SGA.
B12: Color legend
B13: Red header = you paste or type in this column. Grey header = calculated automatically, don't type here. Yellow cell = a setting you choose.
B15: How the match score is calculated (weights set on Settings)
B16: • Same department as requested: +40 • Each mentee interest keyword found in the mentor's research text: +10
... B23: Capacity: 300 mentees, 150 mentors, 500 matches. To add rows, extend the formulas and IDs together.

Sheet Dashboard
A1: Pilot Dashboard
A2: Updates automatically from Mentees, Mentors, and Matches.
A4: Pilot start | B4: =Settings!B3
A5: Pilot end (90 days) | B5: =B4+90
A6: Days remaining | B6: =MAX(0,B5-TODAY())
A8: Pilot totals
A9: Mentees registered | B9: =COUNTA(Mentees!$D$2:$D$301)
A10: Mentors registered | B10: =COUNTA(Mentors!$D$2:$D$151)
A11: Mentor slots offered | B11: =SUM(Mentors!$K$2:$K$151)
A12: Matches made (not withdrawn) | B12: =SUMPRODUCT((Matches!$B$2:$B$501<>"")*(Matches!$L$2:$L$501<>"Withdrawn"))
A13: Mentees still waiting | B13: =COUNTIF(Mentees!$P$2:$P$301,"Waiting")
A14: Meetings completed | B14: =SUM(Matches!$K$2:$K$501)
A15: Matches with both meetings done | B15: =COUNTIFS(Matches!$K$2:$K$501,">=2",Matches!$L$2:$L$501,"<>Withdrawn")
A16: Completion rate (both meetings / matches) | B16: =IF(B12=0,0,B15/B12)
A17: Withdrawn matches | B17: =COUNTIF(Matches!$L$2:$L$501,"Withdrawn")
A18: Avg mentee rating (1–5) | B18: =IFERROR(AVERAGE(Matches!$M$2:$M$501),"—")
A19: Avg mentor rating (1–5) | B19: =IFERROR(AVERAGE(Matches!$N$2:$N$501),"—")
A21: By department
A22: Department | B22: GSA Mentor Lead | C22: Mentees requesting | D22: Mentors | E22: Open slots | F22: Active matches | G22: Mentees waiting | H22: Meetings done | I22: Avg mentee rating
A23: =IF(Settings!$A$16="","",Settings!$A$16) | B23: =IF(A23="","",Settings!$B$16&"") | C23: =IF(A23="","",COUNTIF(Mentees!$G$2:$G$301,A23)) | D23: =IF(A23="","",COUNTIF(Mentors!$F$2:$F$151,A23)) | E23: =IF(A23="","",SUMIF(Mentors!$F$2:$F$151,A23,Mentors!$O$2:$O$151)) | F23: =IF(A23="","",COUNTIFS(Matches!$F$2:$F$501,A23,Matches!$L$2:$L$501,"<>Withdrawn")) | G23: =IF(A23="","",COUNTIFS(Mentees!$G$2:$G$301,A23,Mentees!$P$2:$P$301,"Waiting")) | H23: =IF(A23="","",SUMIF(Matches!$F$2:$F$501,A23,Matches!$K$2:$K$501)) | I23: =IF(A23="","",IFERROR(AVERAGEIF(Matches!$F$2:$F$501,A23,Matches!$M$2:$M$501),"—"))
A24: =IF(Settings!$A$17="","",Settings!$A$17) | B24: =IF(A24="","",Settings!$B$17&"") | C24: =IF(A24="","",COUNTIF(Mentees!$G$2:$G$301,A24)) | D24: =IF(A24="","",COUNTIF(Mentors!$F$2:$F$151,A24)) | E24: =IF(A24="","",SUMIF(Mentors!$F$2:$F$151,A24,Mentors!$O$2:$O$151)) | F24: =IF(A24="","",COUNTIFS(Matches!$F$2:$F$501,A24,Matches!$L$2:$L$501,"<>Withdrawn")) | G24: =IF(A24="","",COUNTIFS(Mentees!$G$2:$G$301,A24,Mentees!$P$2:$P$301,"Waiting")) | H24: =IF(A24="","",SUMIF(Matches!$F$2:$F$501,A24,Matches!$K$2:$K$501)) | I24: =IF(A24="","",IFERROR(AVERAGEIF(Matches!$F$2:$F$501,A24,Matches!$M$2:$M$501),"—"))
A25: =IF(Settings!$A$18="","",Settings!$A$18) | B25: =IF(A25="","",Settings!$B$18&"") | C25: =IF(A25="","",COUNTIF(Mentees!$G$2:$G$301,A25)) | D25: =IF(A25="","",COUNTIF(Mentors!$F$2:$F$151,A25)) | E25: =IF(A25="","",SUMIF(Mentors!$F$2:$F$151,A25,Mentors!$O$2:$O$151)) | F25: =IF(A25="","",COUNTIFS(Matches!$F$2:$F$501,A25,Matches!$L$2:$L$501,"<>Withdrawn")) | G25: =IF(A25="","",COUNTIFS(Mentees!$G$2:$G$301,A25,Mentees!$P$2:$P$301,"Waiting")) | H25: =IF(A25="","",SUMIF(Matches!$F$2:$F$501,A25,Matches!$K$2:$K$501)) | I25: =IF(A25="","",IFERROR(AVERAGEIF(Matches!$F$2:$F$501,A25,Matches!$M$2:$M$501),"—"))
A26: =IF(Settings!$A$19="","",Settings!$A$19) | B26: =IF(A26="","",Settings!$B$19&"") | C26: =IF(A26="","",COUNTIF(Mentees!$G$2:$G$301,A26)) | D26: =IF(A26="","",COUNTIF(Mentors!$F$2:$F$151,A26)) | E26: =IF(A26="","",SUMIF(Mentors!$F$2:$F$151,A26,Mentors!$O$2:$O$151)) | F26: =IF(A26="","",COUNTIFS(Matches!$F$2:$F$501,A26,Matches!$L$2:$L$501,"<>Withdrawn")) | G26: =IF(A26="","",COUNTIFS(Mentees!$G$2:$G$301,A26,Mentees!$P$2:$P$301,"Waiting")) | H26: =IF(A26="","",SUMIF(Matches!$F$2:$F$501,A26,Matches!$K$2:$K$501)) | I26: =IF(A26="","",IFERROR(AVERAGEIF(Matches!$F$2:$F$501,A26,Matches!$M$2:$M$501),"—"))
A27: =IF(Settings!$A$20="","",Settings!$A$20) | B27: =IF(A27="","",Settings!$B$20&"") | C27: =IF(A27="","",COUNTIF(Mentees!$G$2:$G$301,A27)) | D27: =IF(A27="","",COUNTIF(Mentors!$F$2:$F$151,A27)) | E27: =IF(A27="","",SUMIF(Mentors!$F$2:$F$151,A27,Mentors!$O$2:$O$151)) | F27: =IF(A27="","",COUNTIFS(Matches!$F$2:$F$501,A27,Matches!$L$2:$L$501,"<>Withdrawn")) | G27: =IF(A27="","",COUNTIFS(Mentees!$G$2:$G$301,A27,Mentees!$P$2:$P$301,"Waiting")) | H27: =IF(A27="","",SUMIF(Matches!$F$2:$F$501,A27,Matches!$K$2:$K$501)) | I27: =IF(A27="","",IFERROR(AVERAGEIF(Matches!$F$2:$F$501,A27,Matches!$M$2:$M$501),"—"))
A28: =IF(Settings!$A$21="","",Settings!$A$21) | B28: =IF(A28="","",Settings!$B$21&"") | C28: =IF(A28="","",COUNTIF(Mentees!$G$2:$G$301,A28)) | D28: =IF(A28="","",COUNTIF(Mentors!$F$2:$F$151,A28)) | E28: =IF(A28="","",SUMIF(Mentors!$F$2:$F$151,A28,Mentors!$O$2:$O$151)) | F28: =IF(A28="","",COUNTIFS(Matches!$F$2:$F$501,A28,Matches!$L$2:$L$501,"<>Withdrawn")) | G28: =IF(A28="","",COUNTIFS(Mentees!$G$2:$G$301,A28,Mentees!$P$2:$P$301,"Waiting")) | H28: =IF(A28="","",SUMIF(Matches!$F$2:$F$501,A28,Matches!$K$2:$K$501)) | I28: =IF(A28="","",IFERROR(AVERAGEIF(Matches!$F$2:$F$501,A28,Matches!$M$2:$M$501),"—"))
A29: =IF(Settings!$A$22="","",Settings!$A$22) | B29: =IF(A29="","",Settings!$B$22&"") | C29: =IF(A29="","",COUNTIF(Mentees!$G$2:$G$301,A29)) | D29: =IF(A29="","",COUNTIF(Mentors!$F$2:$F$151,A29)) | E29: =IF(A29="","",SUMIF(Mentors!$F$2:$F$151,A29,Mentors!$O$2:$O$151)) | F29: =IF(A29="","",COUNTIFS(Matches!$F$2:$F$501,A29,Matches!$L$2:$L$501,"<>Withdrawn")) | G29: =IF(A29="","",COUNTIFS(Mentees!$G$2:$G$301,A29,Mentees!$P$2:$P$301,"Waiting")) | H29: =IF(A29="","",SUMIF(Matches!$F$2:$F$501,A29,Matches!$K$2:$K$501)) | I29: =IF(A29="","",IFERROR(AVERAGEIF(Matches!$F$2:$F$501,A29,Matches!$M$2:$M$501),"—"))
A30: =IF(Settings!$A$23="","",Settings!$A$23) | B30: =IF(A30="","",Settings!$B$23&"") | C30: =IF(A30="","",COUNTIF(Mentees!$G$2:$G$301,A30)) | D30: =IF(A30="","",COUNTIF(Mentors!$F$2:$F$151,A30)) | E30: =IF(A30="","",SUMIF(Mentors!$F$2:$F$151,A30,Mentors!$O$2:$O$151)) | F30: =IF(A30="","",COUNTIFS(Matches!$F$2:$F$501,A30,Matches!$L$2:$L$501,"<>Withdrawn")) | G30: =IF(A30="","",COUNTIFS(Mentees!$G$2:$G$301,A30,Mentees!$P$2:$P$301,"Waiting")) | H30: =IF(A30="","",SUMIF(Matches!$F$2:$F$501,A30,Matches!$K$2:$K$501)) | I30: =IF(A30="","",IFERROR(AVERAGEIF(Matches!$F$2:$F$501,A30,Matches!$M$2:$M$501),"—"))
A32: Waiting mentees in a department with 0 open slots means that department needs more mentors.

Sheet Settings
A1: Settings
E2: Answer lists (must match form choices exactly)
A3: Pilot start date | B3: 46328 | E3: Undergrad year | F3: Grad program | G3: Career paths | H3: Availability | I3: Meeting format | J3: Match status | K3: Max mentees
E4: Freshman | F4: Master's | G4: Graduate school (PhD) | H4: Weekday mornings | I4: In person | J4: Proposed | K4: 1
E5: Sophomore | F5: PhD | G5: Graduate school (Master's) | H5: Weekday afternoons | I5: Virtual | J5: Introduced | K5: 2
A6: Matching weights (points) | E6: Junior | F6: Professional | G6: Medical / Professional school | H6: Weekday evenings | I6: Either | J6: Active | K6: 3
A7: Same department as requested | B7: 40 | E7: Senior | G7: Industry R&D | H7: Weekends | J7: Completed
A8: Per interest keyword found in mentor research | B8: 10 | G8: Industry (non-research) | J8: Withdrawn
A9: Per shared career path | B9: 8 | G9: Government / Public sector
A10: Per shared availability window | B10: 5 | G10: Nonprofit
A11: Compatible meeting format | B11: 5 | G11: Entrepreneurship
A12: Starting weights, not a policy. Department match is weighted highest because mentors are recruited by department. Adjust freely. | G12: Undecided
A14: Pilot departments
A15: Department | B15: GSA Mentor Lead | C15: Lead email
A16: Computer Science
A17: Psychology
A18: Genetics
A19: Marketing
A25: Department names here must exactly match the department choices on both forms.

Sheet Match Finder
A1: Match Finder
A2: Choose a mentee ID. Every mentor is scored, and the top 3 with open slots are listed. Log your pick on the Matches sheet. | D2: Top 3 mentors with open slots
A3: Mentee ID → | B3: U-001 | D3: Rank | E3: Mentor ID | F3: Mentor | G3: Department | H3: Score | I3: Open slots | J3: Mentor Lead
A4: Name | B4: =IF($B$3="","",IFERROR(INDEX(Mentees!$D$2:$D$301,MATCH($B$3,Mentees!$A$2:$A$301,0))&"","")) | D4: 1 | E4: =IF($B$4="","",IF(LARGE($K$18:$K$167,1)<0,"",INDEX($A$18:$A$167,MATCH(LARGE($K$18:$K$167,1),$K$18:$K$167,0)))) | F4: =IF(E4="",IF(AND(1=1,$B$4<>""),"No mentor with open slots",""),INDEX($B$18:$B$167,MATCH(E4,$A$18:$A$167,0))) | G4: =IF(E4="","",INDEX($C$18:$C$167,MATCH(E4,$A$18:$A$167,0))) | H4: =IF(E4="","",INDEX($J$18:$J$167,MATCH(E4,$A$18:$A$167,0))) | I4: =IF(E4="","",INDEX($D$18:$D$167,MATCH(E4,$A$18:$A$167,0))) | J4: =IF(E4="","",IFERROR(INDEX(Mentors!$P$2:$P$151,MATCH(E4,Mentors!$A$2:$A$151,0)),""))
A5: Year | B5: =IF($B$3="","",IFERROR(INDEX(Mentees!$E$2:$E$301,MATCH($B$3,Mentees!$A$2:$A$301,0))&"","")) | D5: 2 | E5: =IF($B$4="","",IF(LARGE($K$18:$K$167,2)<0,"",INDEX($A$18:$A$167,MATCH(LARGE($K$18:$K$167,2),$K$18:$K$167,0)))) | F5: =IF(E5="",IF(AND(2=1,$B$4<>""),"No mentor with open slots",""),INDEX($B$18:$B$167,MATCH(E5,$A$18:$A$167,0))) | G5: =IF(E5="","",INDEX($C$18:$C$167,MATCH(E5,$A$18:$A$167,0))) | H5: =IF(E5="","",INDEX($J$18:$J$167,MATCH(E5,$A$18:$A$167,0))) | I5: =IF(E5="","",INDEX($D$18:$D$167,MATCH(E5,$A$18:$A$167,0))) | J5: =IF(E5="","",IFERROR(INDEX(Mentors!$P$2:$P$151,MATCH(E5,Mentors!$A$2:$A$151,0)),""))
A6: Major | B6: =IF($B$3="","",IFERROR(INDEX(Mentees!$F$2:$F$301,MATCH($B$3,Mentees!$A$2:$A$301,0))&"","")) | D6: 3 | E6: =IF($B$4="","",IF(LARGE($K$18:$K$167,3)<0,"",INDEX($A$18:$A$167,MATCH(LARGE($K$18:$K$167,3),$K$18:$K$167,0)))) | F6: =IF(E6="",IF(AND(3=1,$B$4<>""),"No mentor with open slots",""),INDEX($B$18:$B$167,MATCH(E6,$A$18:$A$167,0))) | G6: =IF(E6="","",INDEX($C$18:$C$167,MATCH(E6,$A$18:$A$167,0))) | H6: =IF(E6="","",INDEX($J$18:$J$167,MATCH(E6,$A$18:$A$167,0))) | I6: =IF(E6="","",INDEX($D$18:$D$167,MATCH(E6,$A$18:$A$167,0))) | J6: =IF(E6="","",IFERROR(INDEX(Mentors!$P$2:$P$151,MATCH(E6,Mentors!$A$2:$A$151,0)),""))
A7: Dept wanted | B7: =IF($B$3="","",IFERROR(INDEX(Mentees!$G$2:$G$301,MATCH($B$3,Mentees!$A$2:$A$301,0))&"",""))
A8: Keyword 1 | B8: =IF($B$3="","",IFERROR(INDEX(Mentees!$H$2:$H$301,MATCH($B$3,Mentees!$A$2:$A$301,0))&"","")) | D8: Ties go to the mentor who registered first. If the mentee shows Matched, they already have a pairing.
A9: Keyword 2 | B9: =IF($B$3="","",IFERROR(INDEX(Mentees!$I$2:$I$301,MATCH($B$3,Mentees!$A$2:$A$301,0))&"",""))
A10: Keyword 3 | B10: =IF($B$3="","",IFERROR(INDEX(Mentees!$J$2:$J$301,MATCH($B$3,Mentees!$A$2:$A$301,0))&"",""))
A11: Career goals | B11: =IF($B$3="","",IFERROR(INDEX(Mentees!$K$2:$K$301,MATCH($B$3,Mentees!$A$2:$A$301,0))&"",""))
A12: Availability | B12: =IF($B$3="","",IFERROR(INDEX(Mentees!$L$2:$L$301,MATCH($B$3,Mentees!$A$2:$A$301,0))&"",""))
A13: Format | B13: =IF($B$3="","",IFERROR(INDEX(Mentees!$M$2:$M$301,MATCH($B$3,Mentees!$A$2:$A$301,0))&"",""))
A14: Match status | B14: =IF($B$3="","",IFERROR(INDEX(Mentees!$P$2:$P$301,MATCH($B$3,Mentees!$A$2:$A$301,0))&"",""))
A16: All mentors scored for this mentee
A17: Mentor ID | B17: Mentor | C17: Department | D17: Open slots | E17: Dept pts | F17: Interest pts | G17: Career pts | H17: Availability pts | I17: Format pts | J17: Total score | K17: Rank key
A18: =IF(Mentors!$D2="","",Mentors!$A2) | B18: =IF(Mentors!$D2="","",Mentors!$D2) | C18: =IF($B18="","",Mentors!$F2&"") | D18: =IF($B18="","",Mentors!$O2) | E18: =IF(OR($B18="",$B$4=""),"",IF(AND($C18<>"",$C18=$B$7),Settings!$B$7,0)) | F18: =IF(OR($B18="",$B$4=""),"",Settings!$B$8*(($B$8<>"")*ISNUMBER(SEARCH($B$8,Mentors!$G2))+($B$9<>"")*ISNUMBER(SEARCH($B$9,Mentors!$G2))+($B$10<>"")*ISNUMBER(SEARCH($B$10,Mentors!$G2)))) | G18: =IF(OR($B18="",$B$4=""),"",Settings!$B$9*SUMPRODUCT(ISNUMBER(SEARCH(Settings!$G$4:$G$12,$B$11))*ISNUMBER(SEARCH(Settings!$G$4:$G$12,Mentors!$H2)))) | H18: =IF(OR($B18="",$B$4=""),"",Settings!$B$10*SUMPRODUCT(ISNUMBER(SEARCH(Settings!$H$4:$H$7,$B$12))*ISNUMBER(SEARCH(Settings!$H$4:$H$7,Mentors!$I2)))) | I18: =IF(OR($B18="",$B$4=""),"",IF(OR($B$13="",$B$13="Either",Mentors!$J2="Either",$B$13=Mentors!$J2),Settings!$B$11,0)) | J18: =IF(OR($B18="",$B$4=""),"",SUM(E18:I18)) | K18: =IF(J18="",-1,IF(N(D18)<=0,-1,J18+(1000-ROW())/100000))
A19: =IF(Mentors!$D3="","",Mentors!$A3) | B19: =IF(Mentors!$D3="","",Mentors!$D3) | C19: =IF($B19="","",Mentors!$F3&"") | D19: =IF($B19="","",Mentors!$O3) | E19: =IF(OR($B19="",$B$4=""),"",IF(AND($C19<>"",$C19=$B$7),Settings!$B$7,0)) | F19: =IF(OR($B19="",$B$4=""),"",Settings!$B$8*(($B$8<>"")*ISNUMBER(SEARCH($B$8,Mentors!$G3))+($B$9<>"")*ISNUMBER(SEARCH($B$9,Mentors!$G3))+($B$10<>"")*ISNUMBER(SEARCH($B$10,Mentors!$G3)))) | G19: =IF(OR($B19="",$B$4=""),"",Settings!$B$9*SUMPRODUCT(ISNUMBER(SEARCH(Settings!$G$4:$G$12,$B$11))*ISNUMBER(SEARCH(Settings!$G$4:$G$12,Mentors!$H3)))) | H19: =IF(OR($B19="",$B$4=""),"",Settings!$B$10*SUMPRODUCT(ISNUMBER(SEARCH(Settings!$H$4:$H$7,$B$12))*ISNUMBER(SEARCH(Settings!$H$4:$H$7,Mentors!$I3)))) | I19: =IF(OR($B19="",$B$4=""),"",IF(OR($B$13="",$B$13="Either",Mentors!$J3="Either",$B$13=Mentors!$J3),Settings!$B$11,0)) | J19: =IF(OR($B19="",$B$4=""),"",SUM(E19:I19)) | K19: =IF(J19="",-1,IF(N(D19)<=0,-1,J19+(1000-ROW())/100000))
A20: =IF(Mentors!$D4="","",Mentors!$A4) | B20: =IF(Mentors!$D4="","",Mentors!$D4) | C20: =IF($B20="","",Mentors!$F4&"") | D20: =IF($B20="","",Mentors!$O4) | E20: =IF(OR($B20="",$B$4=""),"",IF(AND($C20<>"",$C20=$B$7),Settings!$B$7,0)) | F20: =IF(OR($B20="",$B$4=""),"",Settings!$B$8*(($B$8<>"")*ISNUMBER(SEARCH($B$8,Mentors!$G4))+($B$9<>"")*ISNUMBER(SEARCH($B$9,Mentors!$G4))+($B$10<>"")*ISNUMBER(SEARCH($B$10,Mentors!$G4)))) | G20: =IF(OR($B20="",$B$4=""),"",Settings!$B$9*SUMPRODUCT(ISNUMBER(SEARCH(Settings!$G$4:$G$12,$B$11))*ISNUMBER(SEARCH(Settings!$G$4:$G$12,Mentors!$H4)))) | H20: =IF(OR($B20="",$B$4=""),"",Settings!$B$10*SUMPRODUCT(ISNUMBER(SEARCH(Settings!$H$4:$H$7,$B$12))*ISNUMBER(SEARCH(Settings!$H$4:$H$7,Mentors!$I4)))) | I20: =IF(OR($B20="",$B$4=""),"",IF(OR($B$13="",$B$13="Either",Mentors!$J4="Either",$B$13=Mentors!$J4),Settings!$B$11,0)) | J20: =IF(OR($B20="",$B$4=""),"",SUM(E20:I20)) | K20: =IF(J20="",-1,IF(N(D20)<=0,-1,J20+(1000-ROW())/100000))
A21: =IF(Mentors!$D5="","",Mentors!$A5) | B21: =IF(Mentors!$D5="","",Mentors!$D5) | C21: =IF($B21="","",Mentors!$F5&"") | D21: =IF($B21="","",Mentors!$O5) | E21: =IF(OR($B21="",$B$4=""),"",IF(AND($C21<>"",$C21=$B$7),Settings!$B$7,0)) | F21: =IF(OR($B21="",$B$4=""),"",Settings!$B$8*(($B$8<>"")*ISNUMBER(SEARCH($B$8,Mentors!$G5))+($B$9<>"")*ISNUMBER(SEARCH($B$9,Mentors!$G5))+($B$10<>"")*ISNUMBER(SEARCH($B$10,Mentors!$G5)))) | G21: =IF(OR($B21="",$B$4=""),"",Settings!$B$9*SUMPRODUCT(ISNUMBER(SEARCH(Settings!$G$4:$G$12,$B$11))*ISNUMBER(SEARCH(Settings!$G$4:$G$12,Mentors!$H5)))) | H21: =IF(OR($B21="",$B$4=""),"",Settings!$B$10*SUMPRODUCT(ISNUMBER(SEARCH(Settings!$H$4:$H$7,$B$12))*ISNUMBER(SEARCH(Settings!$H$4:$H$7,Mentors!$I5)))) | I21: =IF(OR($B21="",$B$4=""),"",IF(OR($B$13="",$B$13="Either",Mentors!$J5="Either",$B$13=Mentors!$J5),Settings!$B$11,0)) | J21: =IF(OR($B21="",$B$4=""),"",SUM(E21:I21)) | K21: =IF(J21="",-1,IF(N(D21)<=0,-1,J21+(1000-ROW())/100000))
A22: =IF(Mentors!$D6="","",Mentors!$A6) | B22: =IF(Mentors!$D6="","",Mentors!$D6) | C22: =IF($B22="","",Mentors!$F6&"") | D22: =IF($B22="","",Mentors!$O6) | E22: =IF(OR($B22="",$B$4=""),"",IF(AND($C22<>"",$C22=$B$7),Settings!$B$7,0)) | F22: =IF(OR($B22="",$B$4=""),"",Settings!$B$8*(($B$8<>"")*ISNUMBER(SEARCH($B$8,Mentors!$G6))+($B$9<>"")*ISNUMBER(SEARCH($B$9,Mentors!$G6))+($B$10<>"")*ISNUMBER(SEARCH($B$10,Mentors!$G6)))) | G22: =IF(OR($B22="",$B$4=""),"",Settings!$B$9*SUMPRODUCT(ISNUMBER(SEARCH(Settings!$G$4:$G$12,$B$11))*ISNUMBER(SEARCH(Settings!$G$4:$G$12,Mentors!$H6)))) | H22: =IF(OR($B22="",$B$4=""),"",Settings!$B$10*SUMPRODUCT(ISNUMBER(SEARCH(Settings!$H$4:$H$7,$B$12))*ISNUMBER(SEARCH(Settings!$H$4:$H$7,Mentors!$I6)))) | I22: =IF(OR($B22="",$B$4=""),"",IF(OR($B$13="",$B$13="Either",Mentors!$J6="Either",$B$13=Mentors!$J6),Settings!$B$11,0)) | J22: =IF(OR($B22="",$B$4=""),"",SUM(E22:I22)) | K22: =IF(J22="",-1,IF(N(D22)<=0,-1,J22+(1000-ROW())/100000))
A23: =IF(Mentors!$D7="","",Mentors!$A7) | B23: =IF(Mentors!$D7="","",Mentors!$D7) | C23: =IF($B23="","",Mentors!$F7&"") | D23: =IF($B23="","",Mentors!$O7) | E23: =IF(OR($B23="",$B$4=""),"",IF(AND($C23<>"",$C23=$B$7),Settings!$B$7,0)) | F23: =IF(OR($B23="",$B$4=""),"",Settings!$B$8*(($B$8<>"")*ISNUMBER(SEARCH($B$8,Mentors!$G7))+($B$9<>"")*ISNUMBER(SEARCH($B$9,Mentors!$G7))+($B$10<>"")*ISNUMBER(SEARCH($B$10,Mentors!$G7)))) | G23: =IF(OR($B23="",$B$4=""),"",Settings!$B$9*SUMPRODUCT(ISNUMBER(SEARCH(Settings!$G$4:$G$12,$B$11))*ISNUMBER(SEARCH(Settings!$G$4:$G$12,Mentors!$H7)))) | H23: =IF(OR($B23="",$B$4=""),"",Settings!$B$10*SUMPRODUCT(ISNUMBER(SEARCH(Settings!$H$4:$H$7,$B$12))*ISNUMBER(SEARCH(Settings!$H$4:$H$7,Mentors!$I7)))) | I23: =IF(OR($B23="",$B$4=""),"",IF(OR($B$13="",$B$13="Either",Mentors!$J7="Either",$B$13=Mentors!$J7),Settings!$B$11,0)) | J23: =IF(OR($B23="",$B$4=""),"",SUM(E23:I23)) | K23: =IF(J23="",-1,IF(N(D23)<=0,-1,J23+(1000-ROW())/100000))
A24: =IF(Mentors!$D8="","",Mentors!$A8) | B24: =IF(Mentors!$D8="","",Mentors!$D8) | C24: =IF($B24="","",Mentors!$F8&"") | D24: =IF($B24="","",Mentors!$O8) | E24: =IF(OR($B24="",$B$4=""),"",IF(AND($C24<>"",$C24=$B$7),Settings!$B$7,0)) | F24: =IF(OR($B24="",$B$4=""),"",Settings!$B$8*(($B$8<>"")*ISNUMBER(SEARCH($B$8,Mentors!$G8))+($B$9<>"")*ISNUMBER(SEARCH($B$9,Mentors!$G8))+($B$10<>"")*ISNUMBER(SEARCH($B$10,Mentors!$G8)))) | G24: =IF(OR($B24="",$B$4=""),"",Settings!$B$9*SUMPRODUCT(ISNUMBER(SEARCH(Settings!$G$4:$G$12,$B$11))*ISNUMBER(SEARCH(Settings!$G$4:$G$12,Mentors!$H8)))) | H24: =IF(OR($B24="",$B$4=""),"",Settings!$B$10*SUMPRODUCT(ISNUMBER(SEARCH(Settings!$H$4:$H$7,$B$12))*ISNUMBER(SEARCH(Settings!$H$4:$H$7,Mentors!$I8)))) | I24: =IF(OR($B24="",$B$4=""),"",IF(OR($B$13="",$B$13="Either",Mentors!$J8="Either",$B$13=Mentors!$J8),Settings!$B$11,0)) | J24: =IF(OR($B24="",$B$4=""),"",SUM(E24:I24)) | K24: =IF(J24="",-1,IF(N(D24)<=0,-1,J24+(1000-ROW())/100000))
A25: =IF(Mentors!$D9="","",Mentors!$A9) | B25: =IF(Mentors!$D9="","",Mentors!$D9) | C25: =IF($B25="","",Mentors!$F9&"") | D25: =IF($B25="","",Mentors!$O9) | E25: =IF(OR($B25="",$B$4=""),"",IF(AND($C25<>"",$C25=$B$7),Settings!$B$7,0)) | F25: =IF(OR($B25="",$B$4=""),"",Settings!$B$8*(($B$8<>"")*ISNUMBER(SEARCH($B$8,Mentors!$G9))+($B$9<>"")*ISNUMBER(SEARCH($B$9,Mentors!$G9))+($B$10<>"")*ISNUMBER(SEARCH($B$10,Mentors!$G9)))) | G25: =IF(OR($B25="",$B$4=""),"",Settings!$B$9*SUMPRODUCT(ISNUMBER(SEARCH(Settings!$G$4:$G$12,$B$11))*ISNUMBER(SEARCH(Settings!$G$4:$G$12,Mentors!$H9)))) | H25: =IF(OR($B25="",$B$4=""),"",Settings!$B$10*SUMPRODUCT(ISNUMBER(SEARCH(Settings!$H$4:$H$7,$B$12))*ISNUMBER(SEARCH(Settings!$H$4:$H$7,Mentors!$I9)))) | I25: =IF(OR($B25="",$B$4=""),"",IF(OR($B$13="",$B$13="Either",Mentors!$J9="Either",$B$13=Mentors!$J9),Settings!$B$11,0)) | J25: =IF(OR($B25="",$B$4=""),"",SUM(E25:I25)) | K25: =IF(J25="",-1,IF(N(D25)<=0,-1,J25+(1000-ROW())/100000))
A26: =IF(Mentors!$D10="","",Mentors!$A10) | B26: =IF(Mentors!$D10="","",Mentors!$D10) | C26: =IF($B26="","",Mentors!$F10&"") | D26: =IF($B26="","",Mentors!$O10) | E26: =IF(OR($B26="",$B$4=""),"",IF(AND($C26<>"",$C26=$B$7),Settings!$B$7,0)) | F26: =IF(OR($B26="",$B$4=""),"",Settings!$B$8*(($B$8<>"")*ISNUMBER(SEARCH($B$8,Mentors!$G10))+($B$9<>"")*ISNUMBER(SEARCH($B$9,Mentors!$G10))+($B$10<>"")*ISNUMBER(SEARCH($B$10,Mentors!$G10)))) | G26: =IF(OR($B26="",$B$4=""),"",Settings!$B$9*SUMPRODUCT(ISNUMBER(SEARCH(Settings!$G$4:$G$12,$B$11))*ISNUMBER(SEARCH(Settings!$G$4:$G$12,Mentors!$H10)))) | H26: =IF(OR($B26="",$B$4=""),"",Settings!$B$10*SUMPRODUCT(ISNUMBER(SEARCH(Settings!$H$4:$H$7,$B$12))*ISNUMBER(SEARCH(Settings!$H$4:$H$7,Mentors!$I10)))) | I26: =IF(OR($B26="",$B$4=""),"",IF(OR($B$13="",$B$13="Either",Mentors!$J10="Either",$B$13=Mentors!$J10),Settings!$B$11,0)) | J26: =IF(OR($B26="",$B$4=""),"",SUM(E26:I26)) | K26: =IF(J26="",-1,IF(N(D26)<=0,-1,J26+(1000-ROW())/100000))
A27: =IF(Mentors!$D11="","",Mentors!$A11) | B27: =IF(Mentors!$D11="","",Mentors!$D11) | C27: =IF($B27="","",Mentors!$F11&"") | D27: =IF($B27="","",Mentors!$O11) | E27: =IF(OR($B27="",$B$4=""),"",IF(AND($C27<>"",$C27=$B$7),Settings!$B$7,0)) | F27: =IF(OR($B27="",$B$4=""),"",Settings!$B$8*(($B$8<>"")*ISNUMBER(SEARCH($B$8,Mentors!$G11))+($B$9<>"")*ISNUMBER(SEARCH($B$9,Mentors!$G11))+($B$10<>"")*ISNUMBER(SEARCH($B$10,Mentors!$G11)))) | G27: =IF(OR($B27="",$B$4=""),"",Settings!$B$9*SUMPRODUCT(ISNUMBER(SEARCH(Settings!$G$4:$G$12,$B$11))*ISNUMBER(SEARCH(Settings!$G$4:$G$12,Mentors!$H11)))) | H27: =IF(OR($B27="",$B$4=""),"",Settings!$B$10*SUMPRODUCT(ISNUMBER(SEARCH(Settings!$H$4:$H$7,$B$12))*ISNUMBER(SEARCH(Settings!$H$4:$H$7,Mentors!$I11)))) | I27: =IF(OR($B27="",$B$4=""),"",IF(OR($B$13="",$B$13="Either",Mentors!$J11="Either",$B$13=Mentors!$J11),Settings!$B$11,0)) | J27: =IF(OR($B27="",$B$4=""),"",SUM(E27:I27)) | K27: =IF(J27="",-1,IF(N(D27)<=0,-1,J27+(1000-ROW())/100000))
A28: =IF(Mentors!$D12="","",Mentors!$A12) | B28: =IF(Mentors!$D12="","",Mentors!$D12) | C28: =IF($B28="","",Mentors!$F12&"") | D28: =IF($B28="","",Mentors!$O12) | E28: =IF(OR($B28="",$B$4=""),"",IF(AND($C28<>"",$C28=$B$7),Settings!$B$7,0)) | F28: =IF(OR($B28="",$B$4=""),"",Settings!$B$8*(($B$8<>"")*ISNUMBER(SEARCH($B$8,Mentors!$G12))+($B$9<>"")*ISNUMBER(SEARCH($B$9,Mentors!$G12))+($B$10<>"")*ISNUMBER(SEARCH($B$10,Mentors!$G12)))) | G28: =IF(OR($B28="",$B$4=""),"",Settings!$B$9*SUMPRODUCT(ISNUMBER(SEARCH(Settings!$G$4:$G$12,$B$11))*ISNUMBER(SEARCH(Settings!$G$4:$G$12,Mentors!$H12)))) | H28: =IF(OR($B28="",$B$4=""),"",Settings!$B$10*SUMPRODUCT(ISNUMBER(SEARCH(Settings!$H$4:$H$7,$B$12))*ISNUMBER(SEARCH(Settings!$H$4:$H$7,Mentors!$I12)))) | I28: =IF(OR($B28="",$B$4=""),"",IF(OR($B$13="",$B$13="Either",Mentors!$J12="Either",$B$13=Mentors!$J12),Settings!$B$11,0)) | J28: =IF(OR($B28="",$B$4=""),"",SUM(E28:I28)) | K28: =IF(J28="",-1,IF(N(D28)<=0,-1,J28+(1000-ROW())/100000))
A29: =IF(Mentors!$D13="","",Mentors!$A13) | B29: =IF(Mentors!$D13="","",Mentors!$D13) | C29: =IF($B29="","",Mentors!$F13&"") | D29: =IF($B29="","",Mentors!$O13) | E29: =IF(OR($B29="",$B$4=""),"",IF(AND($C29<>"",$C29=$B$7),Settings!$B$7,0)) | F29: =IF(OR($B29="",$B$4=""),"",Settings!$B$8*(($B$8<>"")*ISNUMBER(SEARCH($B$8,Mentors!$G13))+($B$9<>"")*ISNUMBER(SEARCH($B$9,Mentors!$G13))+($B$10<>"")*ISNUMBER(SEARCH($B$10,Mentors!$G13)))) | G29: =IF(OR($B29="",$B$4=""),"",Settings!$B$9*SUMPRODUCT(ISNUMBER(SEARCH(Settings!$G$4:$G$12,$B$11))*ISNUMBER(SEARCH(Settings!$G$4:$G$12,Mentors!$H13)))) | H29: =IF(OR($B29="",$B$4=""),"",Settings!$B$10*SUMPRODUCT(ISNUMBER(SEARCH(Settings!$H$4:$H$7,$B$12))*ISNUMBER(SEARCH(Settings!$H$4:$H$7,Mentors!$I13)))) | I29: =IF(OR($B29="",$B$4=""),"",IF(OR($B$13="",$B$13="Either",Mentors!$J13="Either",$B$13=Mentors!$J13),Settings!$B$11,0)) | J29: =IF(OR($B29="",$B$4=""),"",SUM(E29:I29)) | K29: =IF(J29="",-1,IF(N(D29)<=0,-1,J29+(1000-ROW())/100000))
... A167: =IF(Mentors!$D151="","",Mentors!$A151) | B167: =IF(Mentors!$D151="","",Mentors!$D151) | C167: =IF($B167="","",Mentors!$F151&"") | D167: =IF($B167="","",Mentors!$O151) | E167: =IF(OR($B167="",$B$4=""),"",IF(AND($C167<>"",$C167=$B$7),Settings!$B$7,0)) | F167: =IF(OR($B167="",$B$4=""),"",Settings!$B$8*(($B$8<>"")*ISNUMBER(SEARCH($B$8,Mentors!$G151))+($B$9<>"")*ISNUMBER(SEARCH($B$9,Mentors!$G151))+($B$10<>"")*ISNUMBER(SEARCH($B$10,Mentors!$G151)))) | G167: =IF(OR($B167="",$B$4=""),"",Settings!$B$9*SUMPRODUCT(ISNUMBER(SEARCH(Settings!$G$4:$G$12,$B$11))*ISNUMBER(SEARCH(Settings!$G$4:$G$12,Mentors!$H151)))) | H167: =IF(OR($B167="",$B$4=""),"",Settings!$B$10*SUMPRODUCT(ISNUMBER(SEARCH(Settings!$H$4:$H$7,$B$12))*ISNUMBER(SEARCH(Settings!$H$4:$H$7,Mentors!$I151)))) | I167: =IF(OR($B167="",$B$4=""),"",IF(OR($B$13="",$B$13="Either",Mentors!$J151="Either",$B$13=Mentors!$J151),Settings!$B$11,0)) | J167: =IF(OR($B167="",$B$4=""),"",SUM(E167:I167)) | K167: =IF(J167="",-1,IF(N(D167)<=0,-1,J167+(1000-ROW())/100000))

Sheet Mentees
A1: Mentee ID | B1: Timestamp | C1: Email | D1: Full name | E1: Year | F1: Major | G1: Department for mentor | H1: Interest keyword 1 | I1: Interest keyword 2 | J1: Interest keyword 3 | K1: Career goals | L1: Availability | M1: Meeting format | N1: What do you hope to get from a mentor? | O1: Agrees to 2 meetings / 8 weeks | P1: Match status
A2: U-001 | B2: 46315.427 | C2: jlee@uga.edu | D2: Jordan Lee (SAMPLE) | E2: Sophomore | F2: Computer Science | G2: Computer Science | H2: machine learning | I2: healthcare | K2: Industry R&D, Graduate school (PhD) | L2: Weekday afternoons, Weekends | M2: Either | N2: Learn how to join a research lab and whether a PhD fits me. | O2: Yes | P2: =IF(D2="","",IF(COUNTIFS(Matches!$B$2:$B$501,A2,Matches!$L$2:$L$501,"<>Withdrawn")>0,"Matched","Waiting"))
A3: U-002 | P3: =IF(D3="","",IF(COUNTIFS(Matches!$B$2:$B$501,A3,Matches!$L$2:$L$501,"<>Withdrawn")>0,"Matched","Waiting"))
A4: U-003 | P4: =IF(D4="","",IF(COUNTIFS(Matches!$B$2:$B$501,A4,Matches!$L$2:$L$501,"<>Withdrawn")>0,"Matched","Waiting"))
A5: U-004 | P5: =IF(D5="","",IF(COUNTIFS(Matches!$B$2:$B$501,A5,Matches!$L$2:$L$501,"<>Withdrawn")>0,"Matched","Waiting"))
A6: U-005 | P6: =IF(D6="","",IF(COUNTIFS(Matches!$B$2:$B$501,A6,Matches!$L$2:$L$501,"<>Withdrawn")>0,"Matched","Waiting"))
A7: U-006 | P7: =IF(D7="","",IF(COUNTIFS(Matches!$B$2:$B$501,A7,Matches!$L$2:$L$501,"<>Withdrawn")>0,"Matched","Waiting"))
A8: U-007 | P8: =IF(D8="","",IF(COUNTIFS(Matches!$B$2:$B$501,A8,Matches!$L$2:$L$501,"<>Withdrawn")>0,"Matched","Waiting"))
A9: U-008 | P9: =IF(D9="","",IF(COUNTIFS(Matches!$B$2:$B$501,A9,Matches!$L$2:$L$501,"<>Withdrawn")>0,"Matched","Waiting"))
A10: U-009 | P10: =IF(D10="","",IF(COUNTIFS(Matches!$B$2:$B$501,A10,Matches!$L$2:$L$501,"<>Withdrawn")>0,"Matched","Waiting"))
A11: U-010 | P11: =IF(D11="","",IF(COUNTIFS(Matches!$B$2:$B$501,A11,Matches!$L$2:$L$501,"<>Withdrawn")>0,"Matched","Waiting"))
A12: U-011 | P12: =IF(D12="","",IF(COUNTIFS(Matches!$B$2:$B$501,A12,Matches!$L$2:$L$501,"<>Withdrawn")>0,"Matched","Waiting"))
A13: U-012 | P13: =IF(D13="","",IF(COUNTIFS(Matches!$B$2:$B$501,A13,Matches!$L$2:$L$501,"<>Withdrawn")>0,"Matched","Waiting"))
A14: U-013 | P14: =IF(D14="","",IF(COUNTIFS(Matches!$B$2:$B$501,A14,Matches!$L$2:$L$501,"<>Withdrawn")>0,"Matched","Waiting"))
... A301: U-300 | P301: =IF(D301="","",IF(COUNTIFS(Matches!$B$2:$B$501,A301,Matches!$L$2:$L$501,"<>Withdrawn")>0,"Matched","Waiting"))

Sheet Mentors
A1: Mentor ID | B1: Timestamp | C1: Email | D1: Full name | E1: Program | F1: Department | G1: Research areas & expertise | H1: Career paths you can speak to | I1: Availability | J1: Meeting format | K1: Max mentees | L1: Anything else? | M1: Commits to 2 meetings / 8 weeks | N1: Assigned | O1: Open slots | P1: Mentor Lead
A2: G-001 | B2: 46313.375 | C2: praman@uga.edu | D2: Priya Raman (SAMPLE) | E2: PhD | F2: Computer Science | G2: Machine learning for medical imaging; healthcare AI; Python | H2: Graduate school (PhD), Industry R&D | I2: Weekday afternoons | J2: Virtual | K2: 2 | M2: Yes | N2: =IF(D2="","",COUNTIFS(Matches!$D$2:$D$501,A2,Matches!$L$2:$L$501,"<>Withdrawn")) | O2: =IF(D2="","",MAX(0,IFERROR(--K2,1)-N2)) | P2: =IF(D2="","",IFERROR(INDEX(Settings!$B$16:$B$23,MATCH(F2,Settings!$A$16:$A$23,0))&"",""))
A3: G-002 | B3: 46313.604 | C3: mbell@uga.edu | D3: Marcus Bell (SAMPLE) | E3: Master's | F3: Computer Science | G3: Cybersecurity, computer networks | H3: Industry (non-research), Government / Public sector | I3: Weekday evenings | J3: In person | K3: 1 | M3: Yes | N3: =IF(D3="","",COUNTIFS(Matches!$D$2:$D$501,A3,Matches!$L$2:$L$501,"<>Withdrawn")) | O3: =IF(D3="","",MAX(0,IFERROR(--K3,1)-N3)) | P3: =IF(D3="","",IFERROR(INDEX(Settings!$B$16:$B$23,MATCH(F3,Settings!$A$16:$A$23,0))&"",""))
A4: G-003 | B4: 46314.462 | C4: atorres@uga.edu | D4: Ana Torres (SAMPLE) | E4: PhD | F4: Psychology | G4: Cognitive neuroscience; machine learning for EEG data | H4: Graduate school (PhD) | I4: Weekends | J4: Either | K4: 1 | M4: Yes | N4: =IF(D4="","",COUNTIFS(Matches!$D$2:$D$501,A4,Matches!$L$2:$L$501,"<>Withdrawn")) | O4: =IF(D4="","",MAX(0,IFERROR(--K4,1)-N4)) | P4: =IF(D4="","",IFERROR(INDEX(Settings!$B$16:$B$23,MATCH(F4,Settings!$A$16:$A$23,0))&"",""))
A5: G-004 | N5: =IF(D5="","",COUNTIFS(Matches!$D$2:$D$501,A5,Matches!$L$2:$L$501,"<>Withdrawn")) | O5: =IF(D5="","",MAX(0,IFERROR(--K5,1)-N5)) | P5: =IF(D5="","",IFERROR(INDEX(Settings!$B$16:$B$23,MATCH(F5,Settings!$A$16:$A$23,0))&"",""))
A6: G-005 | N6: =IF(D6="","",COUNTIFS(Matches!$D$2:$D$501,A6,Matches!$L$2:$L$501,"<>Withdrawn")) | O6: =IF(D6="","",MAX(0,IFERROR(--K6,1)-N6)) | P6: =IF(D6="","",IFERROR(INDEX(Settings!$B$16:$B$23,MATCH(F6,Settings!$A$16:$A$23,0))&"",""))
A7: G-006 | N7: =IF(D7="","",COUNTIFS(Matches!$D$2:$D$501,A7,Matches!$L$2:$L$501,"<>Withdrawn")) | O7: =IF(D7="","",MAX(0,IFERROR(--K7,1)-N7)) | P7: =IF(D7="","",IFERROR(INDEX(Settings!$B$16:$B$23,MATCH(F7,Settings!$A$16:$A$23,0))&"",""))
A8: G-007 | N8: =IF(D8="","",COUNTIFS(Matches!$D$2:$D$501,A8,Matches!$L$2:$L$501,"<>Withdrawn")) | O8: =IF(D8="","",MAX(0,IFERROR(--K8,1)-N8)) | P8: =IF(D8="","",IFERROR(INDEX(Settings!$B$16:$B$23,MATCH(F8,Settings!$A$16:$A$23,0))&"",""))
A9: G-008 | N9: =IF(D9="","",COUNTIFS(Matches!$D$2:$D$501,A9,Matches!$L$2:$L$501,"<>Withdrawn")) | O9: =IF(D9="","",MAX(0,IFERROR(--K9,1)-N9)) | P9: =IF(D9="","",IFERROR(INDEX(Settings!$B$16:$B$23,MATCH(F9,Settings!$A$16:$A$23,0))&"",""))
A10: G-009 | N10: =IF(D10="","",COUNTIFS(Matches!$D$2:$D$501,A10,Matches!$L$2:$L$501,"<>Withdrawn")) | O10: =IF(D10="","",MAX(0,IFERROR(--K10,1)-N10)) | P10: =IF(D10="","",IFERROR(INDEX(Settings!$B$16:$B$23,MATCH(F10,Settings!$A$16:$A$23,0))&"",""))
A11: G-010 | N11: =IF(D11="","",COUNTIFS(Matches!$D$2:$D$501,A11,Matches!$L$2:$L$501,"<>Withdrawn")) | O11: =IF(D11="","",MAX(0,IFERROR(--K11,1)-N11)) | P11: =IF(D11="","",IFERROR(INDEX(Settings!$B$16:$B$23,MATCH(F11,Settings!$A$16:$A$23,0))&"",""))
A12: G-011 | N12: =IF(D12="","",COUNTIFS(Matches!$D$2:$D$501,A12,Matches!$L$2:$L$501,"<>Withdrawn")) | O12: =IF(D12="","",MAX(0,IFERROR(--K12,1)-N12)) | P12: =IF(D12="","",IFERROR(INDEX(Settings!$B$16:$B$23,MATCH(F12,Settings!$A$16:$A$23,0))&"",""))
A13: G-012 | N13: =IF(D13="","",COUNTIFS(Matches!$D$2:$D$501,A13,Matches!$L$2:$L$501,"<>Withdrawn")) | O13: =IF(D13="","",MAX(0,IFERROR(--K13,1)-N13)) | P13: =IF(D13="","",IFERROR(INDEX(Settings!$B$16:$B$23,MATCH(F13,Settings!$A$16:$A$23,0))&"",""))
A14: G-013 | N14: =IF(D14="","",COUNTIFS(Matches!$D$2:$D$501,A14,Matches!$L$2:$L$501,"<>Withdrawn")) | O14: =IF(D14="","",MAX(0,IFERROR(--K14,1)-N14)) | P14: =IF(D14="","",IFERROR(INDEX(Settings!$B$16:$B$23,MATCH(F14,Settings!$A$16:$A$23,0))&"",""))
A15: G-014 | N15: =IF(D15="","",COUNTIFS(Matches!$D$2:$D$501,A15,Matches!$L$2:$L$501,"<>Withdrawn")) | O15: =IF(D15="","",MAX(0,IFERROR(--K15,1)-N15)) | P15: =IF(D15="","",IFERROR(INDEX(Settings!$B$16:$B$23,MATCH(F15,Settings!$A$16:$A$23,0))&"",""))
A16: G-015 | N16: =IF(D16="","",COUNTIFS(Matches!$D$2:$D$501,A16,Matches!$L$2:$L$501,"<>Withdrawn")) | O16: =IF(D16="","",MAX(0,IFERROR(--K16,1)-N16)) | P16: =IF(D16="","",IFERROR(INDEX(Settings!$B$16:$B$23,MATCH(F16,Settings!$A$16:$A$23,0))&"",""))
... A151: G-150 | N151: =IF(D151="","",COUNTIFS(Matches!$D$2:$D$501,A151,Matches!$L$2:$L$501,"<>Withdrawn")) | O151: =IF(D151="","",MAX(0,IFERROR(--K151,1)-N151)) | P151: =IF(D151="","",IFERROR(INDEX(Settings!$B$16:$B$23,MATCH(F151,Settings!$A$16:$A$23,0))&"",""))

Sheet Matches
A1: Match ID | B1: Mentee ID | C1: Mentee | D1: Mentor ID | E1: Mentor | F1: Department | G1: Mentor Lead | H1: Date introduced | I1: Meeting 1 date | J1: Meeting 2 date | K1: Meetings done | L1: Status | M1: Mentee rating (1–5) | N1: Mentor rating (1–5) | O1: Notes
A2: M-001 | B2: U-001 | C2: =IF(B2="","",IFERROR(INDEX(Mentees!$D$2:$D$301,MATCH(B2,Mentees!$A$2:$A$301,0)),"ID not found")) | D2: G-001 | E2: =IF(D2="","",IFERROR(INDEX(Mentors!$D$2:$D$151,MATCH(D2,Mentors!$A$2:$A$151,0)),"ID not found")) | F2: =IF(D2="","",IFERROR(INDEX(Mentors!$F$2:$F$151,MATCH(D2,Mentors!$A$2:$A$151,0))&"","")) | G2: =IF(D2="","",IFERROR(INDEX(Mentors!$P$2:$P$151,MATCH(D2,Mentors!$A$2:$A$151,0))&"","")) | H2: 46330 | I2: 46337 | K2: =IF(B2="","",COUNT(I2:J2)) | L2: Active | O2: SAMPLE: introduced by email; first meeting on Zoom
A3: M-002 | C3: =IF(B3="","",IFERROR(INDEX(Mentees!$D$2:$D$301,MATCH(B3,Mentees!$A$2:$A$301,0)),"ID not found")) | E3: =IF(D3="","",IFERROR(INDEX(Mentors!$D$2:$D$151,MATCH(D3,Mentors!$A$2:$A$151,0)),"ID not found")) | F3: =IF(D3="","",IFERROR(INDEX(Mentors!$F$2:$F$151,MATCH(D3,Mentors!$A$2:$A$151,0))&"","")) | G3: =IF(D3="","",IFERROR(INDEX(Mentors!$P$2:$P$151,MATCH(D3,Mentors!$A$2:$A$151,0))&"","")) | K3: =IF(B3="","",COUNT(I3:J3))
A4: M-003 | C4: =IF(B4="","",IFERROR(INDEX(Mentees!$D$2:$D$301,MATCH(B4,Mentees!$A$2:$A$301,0)),"ID not found")) | E4: =IF(D4="","",IFERROR(INDEX(Mentors!$D$2:$D$151,MATCH(D4,Mentors!$A$2:$A$151,0)),"ID not found")) | F4: =IF(D4="","",IFERROR(INDEX(Mentors!$F$2:$F$151,MATCH(D4,Mentors!$A$2:$A$151,0))&"","")) | G4: =IF(D4="","",IFERROR(INDEX(Mentors!$P$2:$P$151,MATCH(D4,Mentors!$A$2:$A$151,0))&"","")) | K4: =IF(B4="","",COUNT(I4:J4))
A5: M-004 | C5: =IF(B5="","",IFERROR(INDEX(Mentees!$D$2:$D$301,MATCH(B5,Mentees!$A$2:$A$301,0)),"ID not found")) | E5: =IF(D5="","",IFERROR(INDEX(Mentors!$D$2:$D$151,MATCH(D5,Mentors!$A$2:$A$151,0)),"ID not found")) | F5: =IF(D5="","",IFERROR(INDEX(Mentors!$F$2:$F$151,MATCH(D5,Mentors!$A$2:$A$151,0))&"","")) | G5: =IF(D5="","",IFERROR(INDEX(Mentors!$P$2:$P$151,MATCH(D5,Mentors!$A$2:$A$151,0))&"","")) | K5: =IF(B5="","",COUNT(I5:J5))
A6: M-005 | C6: =IF(B6="","",IFERROR(INDEX(Mentees!$D$2:$D$301,MATCH(B6,Mentees!$A$2:$A$301,0)),"ID not found")) | E6: =IF(D6="","",IFERROR(INDEX(Mentors!$D$2:$D$151,MATCH(D6,Mentors!$A$2:$A$151,0)),"ID not found")) | F6: =IF(D6="","",IFERROR(INDEX(Mentors!$F$2:$F$151,MATCH(D6,Mentors!$A$2:$A$151,0))&"","")) | G6: =IF(D6="","",IFERROR(INDEX(Mentors!$P$2:$P$151,MATCH(D6,Mentors!$A$2:$A$151,0))&"","")) | K6: =IF(B6="","",COUNT(I6:J6))
A7: M-006 | C7: =IF(B7="","",IFERROR(INDEX(Mentees!$D$2:$D$301,MATCH(B7,Mentees!$A$2:$A$301,0)),"ID not found")) | E7: =IF(D7="","",IFERROR(INDEX(Mentors!$D$2:$D$151,MATCH(D7,Mentors!$A$2:$A$151,0)),"ID not found")) | F7: =IF(D7="","",IFERROR(INDEX(Mentors!$F$2:$F$151,MATCH(D7,Mentors!$A$2:$A$151,0))&"","")) | G7: =IF(D7="","",IFERROR(INDEX(Mentors!$P$2:$P$151,MATCH(D7,Mentors!$A$2:$A$151,0))&"","")) | K7: =IF(B7="","",COUNT(I7:J7))
A8: M-007 | C8: =IF(B8="","",IFERROR(INDEX(Mentees!$D$2:$D$301,MATCH(B8,Mentees!$A$2:$A$301,0)),"ID not found")) | E8: =IF(D8="","",IFERROR(INDEX(Mentors!$D$2:$D$151,MATCH(D8,Mentors!$A$2:$A$151,0)),"ID not found")) | F8: =IF(D8="","",IFERROR(INDEX(Mentors!$F$2:$F$151,MATCH(D8,Mentors!$A$2:$A$151,0))&"","")) | G8: =IF(D8="","",IFERROR(INDEX(Mentors!$P$2:$P$151,MATCH(D8,Mentors!$A$2:$A$151,0))&"","")) | K8: =IF(B8="","",COUNT(I8:J8))
A9: M-008 | C9: =IF(B9="","",IFERROR(INDEX(Mentees!$D$2:$D$301,MATCH(B9,Mentees!$A$2:$A$301,0)),"ID not found")) | E9: =IF(D9="","",IFERROR(INDEX(Mentors!$D$2:$D$151,MATCH(D9,Mentors!$A$2:$A$151,0)),"ID not found")) | F9: =IF(D9="","",IFERROR(INDEX(Mentors!$F$2:$F$151,MATCH(D9,Mentors!$A$2:$A$151,0))&"","")) | G9: =IF(D9="","",IFERROR(INDEX(Mentors!$P$2:$P$151,MATCH(D9,Mentors!$A$2:$A$151,0))&"","")) | K9: =IF(B9="","",COUNT(I9:J9))
A10: M-009 | C10: =IF(B10="","",IFERROR(INDEX(Mentees!$D$2:$D$301,MATCH(B10,Mentees!$A$2:$A$301,0)),"ID not found")) | E10: =IF(D10="","",IFERROR(INDEX(Mentors!$D$2:$D$151,MATCH(D10,Mentors!$A$2:$A$151,0)),"ID not found")) | F10: =IF(D10="","",IFERROR(INDEX(Mentors!$F$2:$F$151,MATCH(D10,Mentors!$A$2:$A$151,0))&"","")) | G10: =IF(D10="","",IFERROR(INDEX(Mentors!$P$2:$P$151,MATCH(D10,Mentors!$A$2:$A$151,0))&"","")) | K10: =IF(B10="","",COUNT(I10:J10))
A11: M-010 | C11: =IF(B11="","",IFERROR(INDEX(Mentees!$D$2:$D$301,MATCH(B11,Mentees!$A$2:$A$301,0)),"ID not found")) | E11: =IF(D11="","",IFERROR(INDEX(Mentors!$D$2:$D$151,MATCH(D11,Mentors!$A$2:$A$151,0)),"ID not found")) | F11: =IF(D11="","",IFERROR(INDEX(Mentors!$F$2:$F$151,MATCH(D11,Mentors!$A$2:$A$151,0))&"","")) | G11: =IF(D11="","",IFERROR(INDEX(Mentors!$P$2:$P$151,MATCH(D11,Mentors!$A$2:$A$151,0))&"","")) | K11: =IF(B11="","",COUNT(I11:J11))
A12: M-011 | C12: =IF(B12="","",IFERROR(INDEX(Mentees!$D$2:$D$301,MATCH(B12,Mentees!$A$2:$A$301,0)),"ID not found")) | E12: =IF(D12="","",IFERROR(INDEX(Mentors!$D$2:$D$151,MATCH(D12,Mentors!$A$2:$A$151,0)),"ID not found")) | F12: =IF(D12="","",IFERROR(INDEX(Mentors!$F$2:$F$151,MATCH(D12,Mentors!$A$2:$A$151,0))&"","")) | G12: =IF(D12="","",IFERROR(INDEX(Mentors!$P$2:$P$151,MATCH(D12,Mentors!$A$2:$A$151,0))&"","")) | K12: =IF(B12="","",COUNT(I12:J12))
A13: M-012 | C13: =IF(B13="","",IFERROR(INDEX(Mentees!$D$2:$D$301,MATCH(B13,Mentees!$A$2:$A$301,0)),"ID not found")) | E13: =IF(D13="","",IFERROR(INDEX(Mentors!$D$2:$D$151,MATCH(D13,Mentors!$A$2:$A$151,0)),"ID not found")) | F13: =IF(D13="","",IFERROR(INDEX(Mentors!$F$2:$F$151,MATCH(D13,Mentors!$A$2:$A$151,0))&"","")) | G13: =IF(D13="","",IFERROR(INDEX(Mentors!$P$2:$P$151,MATCH(D13,Mentors!$A$2:$A$151,0))&"","")) | K13: =IF(B13="","",COUNT(I13:J13))
A14: M-013 | C14: =IF(B14="","",IFERROR(INDEX(Mentees!$D$2:$D$301,MATCH(B14,Mentees!$A$2:$A$301,0)),"ID not found")) | E14: =IF(D14="","",IFERROR(INDEX(Mentors!$D$2:$D$151,MATCH(D14,Mentors!$A$2:$A$151,0)),"ID not found")) | F14: =IF(D14="","",IFERROR(INDEX(Mentors!$F$2:$F$151,MATCH(D14,Mentors!$A$2:$A$151,0))&"","")) | G14: =IF(D14="","",IFERROR(INDEX(Mentors!$P$2:$P$151,MATCH(D14,Mentors!$A$2:$A$151,0))&"","")) | K14: =IF(B14="","",COUNT(I14:J14))
... A501: M-500 | C501: =IF(B501="","",IFERROR(INDEX(Mentees!$D$2:$D$301,MATCH(B501,Mentees!$A$2:$A$301,0)),"ID not found")) | E501: =IF(D501="","",IFERROR(INDEX(Mentors!$D$2:$D$151,MATCH(D501,Mentors!$A$2:$A$151,0)),"ID not found")) | F501: =IF(D501="","",IFERROR(INDEX(Mentors!$F$2:$F$151,MATCH(D501,Mentors!$A$2:$A$151,0))&"","")) | G501: =IF(D501="","",IFERROR(INDEX(Mentors!$P$2:$P$151,MATCH(D501,Mentors!$A$2:$A$151,0))&"","")) | K501: =IF(B501="","",COUNT(I501:J501))
